Name,Uploaded By,Date,Download
"Fox, Vocal Cry, Distant,...",InspectorJ,"September 16th, 2019",7536 downloads
red fox screeching.mp3,craigsays,"October 2nd, 2020",1087 downloads
foxBark2.wav,Setzilla,"January 6th, 2013",1960 downloads
12- steps fox.wav,tilano408,"November 2nd, 2018",486 downloads
27-hungry fox.wav,tilano408,"November 2nd, 2018",248 downloads
26-angry fox.wav,tilano408,"November 2nd, 2018",673 downloads
25-fox eats.wav,tilano408,"November 2nd, 2018",108 downloads
Fox screaming in the nig...,craigsays,"October 2nd, 2020",523 downloads
Fox Scream Mating Call,drewtait,"February 19th, 2023",28 downloads
Cute Arctic White Fox La...,Traade,"July 9th, 2020",267 downloads
fox sex,lordomega,"April 25th, 2020",341 downloads
Fox Barking,gadzooks,"July 15th, 2017",1194 downloads
Alien Fox Bark.mp3,SoundsofTh,"August 12th, 2018",212 downloads
Chris Fox KRLD.mp3,chfox1,"September 9th, 2011",484 downloads
fox_barks_cut.wav,Setzilla,"January 6th, 2013",97 downloads
